﻿<?xml version="1.0" encoding="utf-8"?><Settings><RandomlyChooseSetting_EnableRandomizationOfItemPickupSprites>False</RandomlyChooseSetting_EnableRandomizationOfItemPickupSprites><RandomlyChooseSetting_CastleBossEnergyRefillSpeed>False</RandomlyChooseSetting_CastleBossEnergyRefillSpeed><RandomlyChooseSetting_EnableRandomizationOfEnemySpawns>False</RandomlyChooseSetting_EnableRandomizationOfEnemySpawns><RandomlyChooseSetting_EnableRandomizationOfEnemyWeaknesses>False</RandomlyChooseSetting_EnableRandomizationOfEnemyWeaknesses><EnableRandomizationOfEnemyWeaknesses>True</EnableRandomizationOfEnemyWeaknesses><EnableRandomizationOfRobotMasterBehavior>True</EnableRandomizationOfRobotMasterBehavior><CreateLogFile>False</CreateLogFile><EnableRandomizationOfSpecialWeaponSprites>True</EnableRandomizationOfSpecialWeaponSprites><EnableRandomizationOfMenusAndTransitionScreens>True</EnableRandomizationOfMenusAndTransitionScreens><CastleBossEnergyRefillSpeed>Fastest</CastleBossEnergyRefillSpeed><EnableHiddenStageNames>False</EnableHiddenStageNames><RandomlyChooseSetting_EnergyTankRefillSpeed>False</RandomlyChooseSetting_EnergyTankRefillSpeed><RandomlyChooseSetting_MercilessMode>False</RandomlyChooseSetting_MercilessMode><RandomlyChooseSetting_EnableBurstChaserMode>False</RandomlyChooseSetting_EnableBurstChaserMode><EnableRandomizationOfSpecialItemLocations>True</EnableRandomizationOfSpecialItemLocations><RandomlyChooseSetting_DisablePauseLock>False</RandomlyChooseSetting_DisablePauseLock><EnableRandomizationOfEnemySpawns>True</EnableRandomizationOfEnemySpawns><EnableRandomizationOfMusicTracks>True</EnableRandomizationOfMusicTracks><TournamentMode>True</TournamentMode><EnableAppUiDarkTheme>True</EnableAppUiDarkTheme><EnableUnderwaterLagReduction>True</EnableUnderwaterLagReduction><EnableSpoilerFreeMode>True</EnableSpoilerFreeMode><RandomlyChooseSetting_HitPointRefillSpeed>False</RandomlyChooseSetting_HitPointRefillSpeed><RandomlyChooseSetting_EnableRandomizationOfSpecialItemLocations>False</RandomlyChooseSetting_EnableRandomizationOfSpecialItemLocations><MercilessMode>False</MercilessMode><DisablePauseLock>True</DisablePauseLock><PlayerSprite>MegaMan</PlayerSprite><EnableRandomizationOfEnemySprites>True</EnableRandomizationOfEnemySprites><EnableRandomizationOfBossWeaknesses>True</EnableRandomizationOfBossWeaknesses><RandomlyChooseSetting_EnableRandomizationOfMusicTracks>False</RandomlyChooseSetting_EnableRandomizationOfMusicTracks><RandomlyChooseSetting_PlayerSprite>False</RandomlyChooseSetting_PlayerSprite><RandomlyChooseSetting_EnableRandomizationOfMenusAndTransitionScreens>False</RandomlyChooseSetting_EnableRandomizationOfMenusAndTransitionScreens><EnableRandomizationOfSpecialWeaponBehavior>True</EnableRandomizationOfSpecialWeaponBehavior><RandomlyChooseSetting_EnableRandomizationOfInGameText>False</RandomlyChooseSetting_EnableRandomizationOfInGameText><RandomlyChooseSetting_EnableRandomizationOfSpecialWeaponSprites>False</RandomlyChooseSetting_EnableRandomizationOfSpecialWeaponSprites><EnableRandomizationOfColorPalettes>True</EnableRandomizationOfColorPalettes><RandomlyChooseSetting_DisableFlashingEffects>False</RandomlyChooseSetting_DisableFlashingEffects><RandomlyChooseSetting_DisableWaterfall>False</RandomlyChooseSetting_DisableWaterfall><EnableRandomizationOfFalseFloors>True</EnableRandomizationOfFalseFloors><RandomlyChooseSetting_EnableHiddenStageNames>False</RandomlyChooseSetting_EnableHiddenStageNames><EnableFasterCutsceneText>True</EnableFasterCutsceneText><EnableBurstChaserMode>False</EnableBurstChaserMode><RandomlyChooseSetting_EnableUnderwaterLagReduction>False</RandomlyChooseSetting_EnableUnderwaterLagReduction><RandomlyChooseSetting_EnableRandomizationOfEnemySprites>False</RandomlyChooseSetting_EnableRandomizationOfEnemySprites><RandomlyChooseSetting_EnableRandomizationOfBossSprites>False</RandomlyChooseSetting_EnableRandomizationOfBossSprites><Font>Default</Font><RandomlyChooseSetting_HudElement>False</RandomlyChooseSetting_HudElement><EnableRandomizationOfItemPickupSprites>True</EnableRandomizationOfItemPickupSprites><RandomlyChooseSetting_EnableRandomizationOfRobotMasterBehavior>False</RandomlyChooseSetting_EnableRandomizationOfRobotMasterBehavior><RandomlyChooseSetting_EnableRandomizationOfFalseFloors>False</RandomlyChooseSetting_EnableRandomizationOfFalseFloors><RandomlyChooseSetting_EnableRandomizationOfBossWeaknesses>False</RandomlyChooseSetting_EnableRandomizationOfBossWeaknesses><RandomlyChooseSetting_EnableRandomizationOfSpecialWeaponBehavior>False</RandomlyChooseSetting_EnableRandomizationOfSpecialWeaponBehavior><HitPointRefillSpeed>Fastest</HitPointRefillSpeed><EnableRandomizationOfRobotMasterLocations>True</EnableRandomizationOfRobotMasterLocations><RandomlyChooseSetting_WeaponEnergyRefillSpeed>False</RandomlyChooseSetting_WeaponEnergyRefillSpeed><RandomlyChooseSetting_EnableRandomizationOfColorPalettes>False</RandomlyChooseSetting_EnableRandomizationOfColorPalettes><HudElement>Default</HudElement><SeedString>83583229995640358168</SeedString><RandomlyChooseSetting_EnableRandomizationOfRobotMasterLocations>False</RandomlyChooseSetting_EnableRandomizationOfRobotMasterLocations><RobotMasterEnergyRefillSpeed>Fastest</RobotMasterEnergyRefillSpeed><DisableWaterfall>True</DisableWaterfall><RandomlyChooseSetting_EnableRandomizationOfEnvironmentSprites>False</RandomlyChooseSetting_EnableRandomizationOfEnvironmentSprites><EnergyTankRefillSpeed>Fastest</EnergyTankRefillSpeed><RomSourcePath></RomSourcePath><EnableRandomizationOfInGameText>True</EnableRandomizationOfInGameText><RandomlyChooseSetting_EnableFasterCutsceneText>False</RandomlyChooseSetting_EnableFasterCutsceneText><DisableFlashingEffects>True</DisableFlashingEffects><WeaponEnergyRefillSpeed>Fastest</WeaponEnergyRefillSpeed><EnableRandomizationOfEnvironmentSprites>True</EnableRandomizationOfEnvironmentSprites><RandomlyChooseSetting_RobotMasterEnergyRefillSpeed>False</RandomlyChooseSetting_RobotMasterEnergyRefillSpeed><RandomlyChooseSetting_Font>False</RandomlyChooseSetting_Font><EnableRandomizationOfBossSprites>True</EnableRandomizationOfBossSprites></Settings>