﻿<?xml version="1.0" encoding="utf-8" ?>

<!--
Prefix must not exceed 3 characters
Name must not exceed 25 characters
-->
<CountryNameSet>
    <!--
    Real Countries
    -->
    <CountryName>
        <Enabled>true</Enabled>
        <Name>AFGHANISTAN</Name>
    </CountryName>
    <CountryName>
        <Enabled>true</Enabled>
        <Name>ALBANIA</Name>
    </CountryName>
    <CountryName>
        <Enabled>true</Enabled>
        <Name>ALGERIA</Name>
    </CountryName>
    <CountryName>
        <Enabled>true</Enabled>
        <Name>ANDORRA</Name>
    </CountryName>
    <CountryName>
        <Enabled>true</Enabled>
        <Name>ANGOLA</Name>
    </CountryName>
    <CountryName>
        <Enabled>true</Enabled>
        <Name>ANTIGUA AND BARBUDA</Name>
    </CountryName>
    <CountryName>
        <Enabled>true</Enabled>
        <Name>ARGENTINA</Name>
    </CountryName>
    <CountryName>
        <Enabled>true</Enabled>
        <Name>ARMENIA</Name>
    </CountryName>
    <CountryName>
        <Enabled>true</Enabled>
        <Name>ARUBA</Name>
    </CountryName>
    <CountryName>
        <Enabled>true</Enabled>
        <Name>AUSTRALIA</Name>
    </CountryName>
    <CountryName>
        <Enabled>true</Enabled>
        <Name>AUSTRIA</Name>
    </CountryName>
    <CountryName>
        <Enabled>true</Enabled>
        <Name>AZERBAIJAN</Name>
    </CountryName>
    <CountryName>
        <Enabled>true</Enabled>
        <Name>ANTARCTICA</Name>
    </CountryName>
    <CountryName>
        <Enabled>true</Enabled>
        <Name>THE BAHAMAS</Name>
    </CountryName>
    <CountryName>
        <Enabled>true</Enabled>
        <Name>BAHRAIN</Name>
    </CountryName>
    <CountryName>
        <Enabled>true</Enabled>
        <Name>BANGLADESH</Name>
    </CountryName>
    <CountryName>
        <Enabled>true</Enabled>
        <Name>BARBADOS</Name>
    </CountryName>
    <CountryName>
        <Enabled>true</Enabled>
        <Name>BELARUS</Name>
    </CountryName>
    <CountryName>
        <Enabled>true</Enabled>
        <Name>BELGIUM</Name>
    </CountryName>
    <CountryName>
        <Enabled>true</Enabled>
        <Name>BELIZE</Name>
    </CountryName>
    <CountryName>
        <Enabled>true</Enabled>
        <Name>BENIN</Name>
    </CountryName>
    <CountryName>
        <Enabled>true</Enabled>
        <Name>BHUTAN</Name>
    </CountryName>
    <CountryName>
        <Enabled>true</Enabled>
        <Name>BOLIVIA</Name>
    </CountryName>
    <CountryName>
        <Enabled>true</Enabled>
        <Name>BOSNIA AND HERZEGOVINA</Name>
    </CountryName>
    <CountryName>
        <Enabled>true</Enabled>
        <Name>BOTSWANA</Name>
    </CountryName>
    <CountryName>
        <Enabled>true</Enabled>
        <Name>BRAZIL</Name>
    </CountryName>
    <CountryName>
        <Enabled>true</Enabled>
        <Name>BRUNEI</Name>
    </CountryName>
    <CountryName>
        <Enabled>true</Enabled>
        <Name>BULGARIA</Name>
    </CountryName>
    <CountryName>
        <Enabled>true</Enabled>
        <Name>BURKINA FASO</Name>
    </CountryName>
    <CountryName>
        <Enabled>true</Enabled>
        <Name>BURMA</Name>
    </CountryName>
    <CountryName>
        <Enabled>true</Enabled>
        <Name>BURUNDI</Name>
    </CountryName>
    <CountryName>
        <Enabled>true</Enabled>
        <Name>CAMBODIA</Name>
    </CountryName>
    <CountryName>
        <Enabled>true</Enabled>
        <Name>CAMEROON</Name>
    </CountryName>
    <CountryName>
        <Enabled>true</Enabled>
        <Name>CANADA</Name>
    </CountryName>
    <CountryName>
        <Enabled>true</Enabled>
        <Name>CABO VERDE</Name>
    </CountryName>
    <CountryName>
        <Enabled>true</Enabled>
        <Name>CENTRAL AFRICAN REPUBLIC</Name>
    </CountryName>
    <CountryName>
        <Enabled>true</Enabled>
        <Name>CHAD</Name>
    </CountryName>
    <CountryName>
        <Enabled>true</Enabled>
        <Name>CHILE</Name>
    </CountryName>
    <CountryName>
        <Enabled>true</Enabled>
        <Name>CHINA</Name>
    </CountryName>
    <CountryName>
        <Enabled>true</Enabled>
        <Name>COLOMBIA</Name>
    </CountryName>
    <CountryName>
        <Enabled>true</Enabled>
        <Name>THE CONGO</Name>
    </CountryName>
    <CountryName>
        <Enabled>true</Enabled>
        <Name>COSTA RICA</Name>
    </CountryName>
    <CountryName>
        <Enabled>true</Enabled>
        <Name>CROATIA</Name>
    </CountryName>
    <CountryName>
        <Enabled>true</Enabled>
        <Name>CUBA</Name>
    </CountryName>
    <CountryName>
        <Enabled>true</Enabled>
        <Name>CURACAO</Name>
    </CountryName>
    <CountryName>
        <Enabled>true</Enabled>
        <Name>CYPRUS</Name>
    </CountryName>
    <CountryName>
        <Enabled>true</Enabled>
        <Name>CZECH REPUBLIC</Name>
    </CountryName>
    <CountryName>
        <Enabled>true</Enabled>
        <Name>DENMARK</Name>
    </CountryName>
    <CountryName>
        <Enabled>true</Enabled>
        <Name>DJIBOUTI</Name>
    </CountryName>
    <CountryName>
        <Enabled>true</Enabled>
        <Name>DOMINICA</Name>
    </CountryName>
    <CountryName>
        <Enabled>true</Enabled>
        <Name>DOMINICAN REPUBLIC</Name>
    </CountryName>
    <CountryName>
        <Enabled>true</Enabled>
        <Name>ECUADOR</Name>
    </CountryName>
    <CountryName>
        <Enabled>true</Enabled>
        <Name>EGYPT</Name>
    </CountryName>
    <CountryName>
        <Enabled>true</Enabled>
        <Name>EL SALVADOR</Name>
    </CountryName>
    <CountryName>
        <Enabled>true</Enabled>
        <Name>EQUATORIAL GUINEA</Name>
    </CountryName>
    <CountryName>
        <Enabled>true</Enabled>
        <Name>ERITREA</Name>
    </CountryName>
    <CountryName>
        <Enabled>true</Enabled>
        <Name>ESTONIA</Name>
    </CountryName>
    <CountryName>
        <Enabled>true</Enabled>
        <Name>ETHIOPIA</Name>
    </CountryName>
    <CountryName>
        <Enabled>true</Enabled>
        <Name>FIJI</Name>
    </CountryName>
    <CountryName>
        <Enabled>true</Enabled>
        <Name>FINLAND</Name>
    </CountryName>
    <CountryName>
        <Enabled>true</Enabled>
        <Name>FRANCE</Name>
    </CountryName>
    <CountryName>
        <Enabled>true</Enabled>
        <Name>GABON</Name>
    </CountryName>
    <CountryName>
        <Enabled>true</Enabled>
        <Name>THE GAMBIA</Name>
    </CountryName>
    <CountryName>
        <Enabled>true</Enabled>
        <Name>GEORGIA</Name>
    </CountryName>
    <CountryName>
        <Enabled>true</Enabled>
        <Name>GERMANY</Name>
    </CountryName>
    <CountryName>
        <Enabled>true</Enabled>
        <Name>GHANA</Name>
    </CountryName>
    <CountryName>
        <Enabled>true</Enabled>
        <Name>GREECE</Name>
    </CountryName>
    <CountryName>
        <Enabled>true</Enabled>
        <Name>GRENADA</Name>
    </CountryName>
    <CountryName>
        <Enabled>true</Enabled>
        <Name>GUATEMALA</Name>
    </CountryName>
    <CountryName>
        <Enabled>true</Enabled>
        <Name>GUINEA</Name>
    </CountryName>
    <CountryName>
        <Enabled>true</Enabled>
        <Name>GUINEA BISSAU</Name>
    </CountryName>
    <CountryName>
        <Enabled>true</Enabled>
        <Name>GUYANA</Name>
    </CountryName>
    <CountryName>
        <Enabled>true</Enabled>
        <Name>HAITI</Name>
    </CountryName>
    <CountryName>
        <Enabled>true</Enabled>
        <Name>HONDURAS</Name>
    </CountryName>
    <CountryName>
        <Enabled>true</Enabled>
        <Name>HONG KONG</Name>
    </CountryName>
    <CountryName>
        <Enabled>true</Enabled>
        <Name>HUNGARY</Name>
    </CountryName>
    <CountryName>
        <Enabled>true</Enabled>
        <Name>ICELAND</Name>
    </CountryName>
    <CountryName>
        <Enabled>true</Enabled>
        <Name>INDIA</Name>
    </CountryName>
    <CountryName>
        <Enabled>true</Enabled>
        <Name>INDONESIA</Name>
    </CountryName>
    <CountryName>
        <Enabled>true</Enabled>
        <Name>IRAN</Name>
    </CountryName>
    <CountryName>
        <Enabled>true</Enabled>
        <Name>IRAQ</Name>
    </CountryName>
    <CountryName>
        <Enabled>true</Enabled>
        <Name>IRELAND</Name>
    </CountryName>
    <CountryName>
        <Enabled>true</Enabled>
        <Name>ISRAEL</Name>
    </CountryName>
    <CountryName>
        <Enabled>true</Enabled>
        <Name>ITALY</Name>
    </CountryName>
    <CountryName>
        <Enabled>true</Enabled>
        <Name>JAMAICA</Name>
    </CountryName>
    <CountryName>
        <Enabled>true</Enabled>
        <Name>JAPAN</Name>
    </CountryName>
    <CountryName>
        <Enabled>true</Enabled>
        <Name>JORDAN</Name>
    </CountryName>
    <CountryName>
        <Enabled>true</Enabled>
        <Name>KAZAKHSTAN</Name>
    </CountryName>
    <CountryName>
        <Enabled>true</Enabled>
        <Name>KENYA</Name>
    </CountryName>
    <CountryName>
        <Enabled>true</Enabled>
        <Name>KIRIBATI</Name>
    </CountryName>
    <CountryName>
        <Enabled>true</Enabled>
        <Name>KOSOVO</Name>
    </CountryName>
    <CountryName>
        <Enabled>true</Enabled>
        <Name>KUWAIT</Name>
    </CountryName>
    <CountryName>
        <Enabled>true</Enabled>
        <Name>KYRGYZSTAN</Name>
    </CountryName>
    <CountryName>
        <Enabled>true</Enabled>
        <Name>LAOS</Name>
    </CountryName>
    <CountryName>
        <Enabled>true</Enabled>
        <Name>LATVIA</Name>
    </CountryName>
    <CountryName>
        <Enabled>true</Enabled>
        <Name>LEBANON</Name>
    </CountryName>
    <CountryName>
        <Enabled>true</Enabled>
        <Name>LESOTHO</Name>
    </CountryName>
    <CountryName>
        <Enabled>true</Enabled>
        <Name>LIBERIA</Name>
    </CountryName>
    <CountryName>
        <Enabled>true</Enabled>
        <Name>LIBYA</Name>
    </CountryName>
    <CountryName>
        <Enabled>true</Enabled>
        <Name>LIECHTENSTEIN</Name>
    </CountryName>
    <CountryName>
        <Enabled>true</Enabled>
        <Name>LITHUANIA</Name>
    </CountryName>
    <CountryName>
        <Enabled>true</Enabled>
        <Name>LUXEMBOURG</Name>
    </CountryName>
    <CountryName>
        <Enabled>true</Enabled>
        <Name>MACAU</Name>
    </CountryName>
    <CountryName>
        <Enabled>true</Enabled>
        <Name>MACEDONIA</Name>
    </CountryName>
    <CountryName>
        <Enabled>true</Enabled>
        <Name>MADAGASCAR</Name>
    </CountryName>
    <CountryName>
        <Enabled>true</Enabled>
        <Name>MALAWI</Name>
    </CountryName>
    <CountryName>
        <Enabled>true</Enabled>
        <Name>MALAYSIA</Name>
    </CountryName>
    <CountryName>
        <Enabled>true</Enabled>
        <Name>MALDIVES</Name>
    </CountryName>
    <CountryName>
        <Enabled>true</Enabled>
        <Name>MALI</Name>
    </CountryName>
    <CountryName>
        <Enabled>true</Enabled>
        <Name>MALTA</Name>
    </CountryName>
    <CountryName>
        <Enabled>true</Enabled>
        <Name>MARSHALL ISLANDS</Name>
    </CountryName>
    <CountryName>
        <Enabled>true</Enabled>
        <Name>MAURITANIA</Name>
    </CountryName>
    <CountryName>
        <Enabled>true</Enabled>
        <Name>MAURITIUS</Name>
    </CountryName>
    <CountryName>
        <Enabled>true</Enabled>
        <Name>MEXICO</Name>
    </CountryName>
    <CountryName>
        <Enabled>true</Enabled>
        <Name>MICRONESIA</Name>
    </CountryName>
    <CountryName>
        <Enabled>true</Enabled>
        <Name>MOLDOVA</Name>
    </CountryName>
    <CountryName>
        <Enabled>true</Enabled>
        <Name>MONACO</Name>
    </CountryName>
    <CountryName>
        <Enabled>true</Enabled>
        <Name>MONGOLIA</Name>
    </CountryName>
    <CountryName>
        <Enabled>true</Enabled>
        <Name>MONTENEGRO</Name>
    </CountryName>
    <CountryName>
        <Enabled>true</Enabled>
        <Name>MOZAMBIQUE</Name>
    </CountryName>
    <CountryName>
        <Enabled>true</Enabled>
        <Name>NAMIBIA</Name>
    </CountryName>
    <CountryName>
        <Enabled>true</Enabled>
        <Name>NAURU</Name>
    </CountryName>
    <CountryName>
        <Enabled>true</Enabled>
        <Name>NEPAL</Name>
    </CountryName>
    <CountryName>
        <Enabled>true</Enabled>
        <Name>NETHERLANDS</Name>
    </CountryName>
    <CountryName>
        <Enabled>true</Enabled>
        <Name>NEW ZEALAND</Name>
    </CountryName>
    <CountryName>
        <Enabled>true</Enabled>
        <Name>NICARAGUA</Name>
    </CountryName>
    <CountryName>
        <Enabled>true</Enabled>
        <Name>NIGER</Name>
    </CountryName>
    <CountryName>
        <Enabled>true</Enabled>
        <Name>NIGERIA</Name>
    </CountryName>
    <CountryName>
        <Enabled>true</Enabled>
        <Name>NORTH KOREA</Name>
    </CountryName>
    <CountryName>
        <Enabled>true</Enabled>
        <Name>NORWAY</Name>
    </CountryName>
    <CountryName>
        <Enabled>true</Enabled>
        <Name>OMAN</Name>
    </CountryName>
    <CountryName>
        <Enabled>true</Enabled>
        <Name>PAKISTAN</Name>
    </CountryName>
    <CountryName>
        <Enabled>true</Enabled>
        <Name>PALAU</Name>
    </CountryName>
    <CountryName>
        <Enabled>true</Enabled>
        <Name>PALESTINIAN TERRITORIES</Name>
    </CountryName>
    <CountryName>
        <Enabled>true</Enabled>
        <Name>PANAMA</Name>
    </CountryName>
    <CountryName>
        <Enabled>true</Enabled>
        <Name>PAPUA NEW GUINEA</Name>
    </CountryName>
    <CountryName>
        <Enabled>true</Enabled>
        <Name>PARAGUAY</Name>
    </CountryName>
    <CountryName>
        <Enabled>true</Enabled>
        <Name>PERU</Name>
    </CountryName>
    <CountryName>
        <Enabled>true</Enabled>
        <Name>PHILIPPINES</Name>
    </CountryName>
    <CountryName>
        <Enabled>true</Enabled>
        <Name>POLAND</Name>
    </CountryName>
    <CountryName>
        <Enabled>true</Enabled>
        <Name>PORTUGAL</Name>
    </CountryName>
    <CountryName>
        <Enabled>true</Enabled>
        <Name>QATAR</Name>
    </CountryName>
    <CountryName>
        <Enabled>true</Enabled>
        <Name>ROMANIA</Name>
    </CountryName>
    <CountryName>
        <Enabled>true</Enabled>
        <Name>RUSSIA</Name>
    </CountryName>
    <CountryName>
        <Enabled>true</Enabled>
        <Name>RWANDA</Name>
    </CountryName>
    <CountryName>
        <Enabled>true</Enabled>
        <Name>SAINT KITTS AND NEVIS</Name>
    </CountryName>
    <CountryName>
        <Enabled>true</Enabled>
        <Name>SAINT LUCIA</Name>
    </CountryName>
    <CountryName>
        <Enabled>true</Enabled>
        <Name>SAINT VINCENT</Name>
    </CountryName>
    <CountryName>
        <Enabled>true</Enabled>
        <Name>SAMOA</Name>
    </CountryName>
    <CountryName>
        <Enabled>true</Enabled>
        <Name>SAN MARINO</Name>
    </CountryName>
    <CountryName>
        <Enabled>true</Enabled>
        <Name>SAO TOME AND PRINCIPE</Name>
    </CountryName>
    <CountryName>
        <Enabled>true</Enabled>
        <Name>SAUDI ARABIA</Name>
    </CountryName>
    <CountryName>
        <Enabled>true</Enabled>
        <Name>SENEGAL</Name>
    </CountryName>
    <CountryName>
        <Enabled>true</Enabled>
        <Name>SERBIA</Name>
    </CountryName>
    <CountryName>
        <Enabled>true</Enabled>
        <Name>SEYCHELLES</Name>
    </CountryName>
    <CountryName>
        <Enabled>true</Enabled>
        <Name>SIERRA LEONE</Name>
    </CountryName>
    <CountryName>
        <Enabled>true</Enabled>
        <Name>SINGAPORE</Name>
    </CountryName>
    <CountryName>
        <Enabled>true</Enabled>
        <Name>SLOVAKIA</Name>
    </CountryName>
    <CountryName>
        <Enabled>true</Enabled>
        <Name>SLOVENIA</Name>
    </CountryName>
    <CountryName>
        <Enabled>true</Enabled>
        <Name>SOLOMON ISLANDS</Name>
    </CountryName>
    <CountryName>
        <Enabled>true</Enabled>
        <Name>SOMALIA</Name>
    </CountryName>
    <CountryName>
        <Enabled>true</Enabled>
        <Name>SOUTH AFRICA</Name>
    </CountryName>
    <CountryName>
        <Enabled>true</Enabled>
        <Name>SOUTH KOREA</Name>
    </CountryName>
    <CountryName>
        <Enabled>true</Enabled>
        <Name>SOUTH SUDAN</Name>
    </CountryName>
    <CountryName>
        <Enabled>true</Enabled>
        <Name>SPAIN</Name>
    </CountryName>
    <CountryName>
        <Enabled>true</Enabled>
        <Name>SRI LANKA</Name>
    </CountryName>
    <CountryName>
        <Enabled>true</Enabled>
        <Name>SUDAN</Name>
    </CountryName>
    <CountryName>
        <Enabled>true</Enabled>
        <Name>SURINAME</Name>
    </CountryName>
    <CountryName>
        <Enabled>true</Enabled>
        <Name>SWAZILAND</Name>
    </CountryName>
    <CountryName>
        <Enabled>true</Enabled>
        <Name>SWEDEN</Name>
    </CountryName>
    <CountryName>
        <Enabled>true</Enabled>
        <Name>SWITZERLAND</Name>
    </CountryName>
    <CountryName>
        <Enabled>true</Enabled>
        <Name>SYRIA</Name>
    </CountryName>
    <CountryName>
        <Enabled>true</Enabled>
        <Name>TAIWAN</Name>
    </CountryName>
    <CountryName>
        <Enabled>true</Enabled>
        <Name>TAJIKISTAN</Name>
    </CountryName>
    <CountryName>
        <Enabled>true</Enabled>
        <Name>TANZANIA</Name>
    </CountryName>
    <CountryName>
        <Enabled>true</Enabled>
        <Name>THAILAND</Name>
    </CountryName>
    <CountryName>
        <Enabled>true</Enabled>
        <Name>TIMOR LESTE</Name>
    </CountryName>
    <CountryName>
        <Enabled>true</Enabled>
        <Name>TOGO</Name>
    </CountryName>
    <CountryName>
        <Enabled>true</Enabled>
        <Name>TONGA</Name>
    </CountryName>
    <CountryName>
        <Enabled>true</Enabled>
        <Name>TRINIDAD AND TOBAGO</Name>
    </CountryName>
    <CountryName>
        <Enabled>true</Enabled>
        <Name>TUNISIA</Name>
    </CountryName>
    <CountryName>
        <Enabled>true</Enabled>
        <Name>TURKEY</Name>
    </CountryName>
    <CountryName>
        <Enabled>true</Enabled>
        <Name>TURKMENISTAN</Name>
    </CountryName>
    <CountryName>
        <Enabled>true</Enabled>
        <Name>TUVALU</Name>
    </CountryName>
    <CountryName>
        <Enabled>true</Enabled>
        <Name>UGANDA</Name>
    </CountryName>
    <CountryName>
        <Enabled>true</Enabled>
        <Name>UKRAINE</Name>
    </CountryName>
    <CountryName>
        <Enabled>true</Enabled>
        <Name>UNITED ARAB EMIRATES</Name>
    </CountryName>
    <CountryName>
        <Enabled>true</Enabled>
        <Name>UNITED KINGDOM</Name>
    </CountryName>
    <CountryName>
        <Enabled>true</Enabled>
        <Name>UNITED STATES</Name>
    </CountryName>
    <CountryName>
        <Enabled>true</Enabled>
        <Name>URUGUAY</Name>
    </CountryName>
    <CountryName>
        <Enabled>true</Enabled>
        <Name>UZBEKISTAN</Name>
    </CountryName>
    <CountryName>
        <Enabled>true</Enabled>
        <Name>VANUATU</Name>
    </CountryName>
    <CountryName>
        <Enabled>true</Enabled>
        <Name>VENEZUELA</Name>
    </CountryName>
    <CountryName>
        <Enabled>true</Enabled>
        <Name>VIETNAM</Name>
    </CountryName>
    <CountryName>
        <Enabled>true</Enabled>
        <Name>YEMEN</Name>
    </CountryName>
    <CountryName>
        <Enabled>true</Enabled>
        <Name>ZAMBIA</Name>
    </CountryName>
    <CountryName>
        <Enabled>true</Enabled>
        <Name>ZIMBABWE</Name>
    </CountryName>


    <!--
        Fictional Places
    -->

    <!-- Star Wars Universe -->
    <CountryName>
        <Enabled>true</Enabled>
        <Prefix>on</Prefix>
        <Name>Alderaan</Name>
    </CountryName>

    <CountryName>
        <Enabled>true</Enabled>
        <Prefix>on</Prefix>
        <Name>Coruscant</Name>
    </CountryName>

    <CountryName>
        <Enabled>true</Enabled>
        <Prefix>on</Prefix>
        <Name>Dantooine</Name>
    </CountryName>

    <CountryName>
        <Enabled>true</Enabled>
        <Prefix>on</Prefix>
        <Name>Dagobah</Name>
    </CountryName>

    <CountryName>
        <Enabled>true</Enabled>
        <Prefix>on</Prefix>
        <Name>Hoth</Name>
    </CountryName>

    <CountryName>
        <Enabled>true</Enabled>
        <Prefix>on</Prefix>
        <Name>Korriban</Name>
    </CountryName>

    <CountryName>
        <Enabled>true</Enabled>
        <Prefix>on</Prefix>
        <Name>Mustafar</Name>
    </CountryName>

    <CountryName>
        <Enabled>true</Enabled>
        <Prefix>on</Prefix>
        <Name>Taris</Name>
    </CountryName>

    <CountryName>
        <Enabled>true</Enabled>
        <Prefix>on</Prefix>
        <Name>Yavin 4</Name>
    </CountryName>

    <!-- Star Trek Universe -->
    <CountryName>
        <Enabled>true</Enabled>
        <Prefix>on</Prefix>
        <Name>Andor</Name>
    </CountryName>

    <CountryName>
        <Enabled>true</Enabled>
        <Prefix>on</Prefix>
        <Name>Cardassia Prime</Name>
    </CountryName>

    <CountryName>
        <Enabled>true</Enabled>
        <Prefix>on</Prefix>
        <Name>Ferenginar</Name>
    </CountryName>

    <CountryName>
        <Enabled>true</Enabled>
        <Prefix>on</Prefix>
        <Name>Khitomer</Name>
    </CountryName>

    <CountryName>
        <Enabled>true</Enabled>
        <Prefix>on</Prefix>
        <Name>Qo'noS</Name>
    </CountryName>

    <CountryName>
        <Enabled>true</Enabled>
        <Prefix>on</Prefix>
        <Name>Risa</Name>
    </CountryName>

    <CountryName>
        <Enabled>true</Enabled>
        <Prefix>on</Prefix>
        <Name>Romulus</Name>
    </CountryName>

    <CountryName>
        <Enabled>true</Enabled>
        <Prefix>on</Prefix>
        <Name>Tellar Prime</Name>
    </CountryName>

    <CountryName>
        <Enabled>true</Enabled>
        <Prefix>on</Prefix>
        <Name>Vulcan</Name>
    </CountryName>

    <!-- Babylon 5 Universe -->
    <CountryName>
        <Enabled>true</Enabled>
        <Prefix>on</Prefix>
        <Name>Centauri Prime</Name>
    </CountryName>

    <CountryName>
        <Enabled>true</Enabled>
        <Prefix>on</Prefix>
        <Name>Minbar</Name>
    </CountryName>

    <CountryName>
        <Enabled>true</Enabled>
        <Prefix>on</Prefix>
        <Name>Narn</Name>
    </CountryName>

    <CountryName>
        <Enabled>true</Enabled>
        <Prefix>on</Prefix>
        <Name>Z'ha'dum</Name>
    </CountryName>

    <!-- Dune Universe -->
    <CountryName>
        <Enabled>true</Enabled>
        <Prefix>on</Prefix>
        <Name>Arrakis</Name>
    </CountryName>

    <CountryName>
        <Enabled>true</Enabled>
        <Prefix>on</Prefix>
        <Name>Caladan</Name>
    </CountryName>

    <CountryName>
        <Enabled>true</Enabled>
        <Prefix>on</Prefix>
        <Name>Giedi Prime</Name>
    </CountryName>

    <CountryName>
        <Enabled>true</Enabled>
        <Prefix>on</Prefix>
        <Name>Salusa Secundus</Name>
    </CountryName>

    <!-- Borderlands Universe -->
    <CountryName>
        <Enabled>true</Enabled>
        <Prefix>on</Prefix>
        <Name>Pandora</Name>
    </CountryName>

    <!-- Might and Magic Universe -->
    <CountryName>
        <Enabled>true</Enabled>
        <Prefix>on</Prefix>
        <Name>Enroth</Name>
    </CountryName>

    <!-- The Elder Scrolls Universe -->
    <CountryName>
        <Enabled>true</Enabled>
        <Prefix>in</Prefix>
        <Name>Cyrodiil</Name>
    </CountryName>

    <CountryName>
        <Enabled>true</Enabled>
        <Prefix>in</Prefix>
        <Name>Hammerfell</Name>
    </CountryName>

    <CountryName>
        <Enabled>true</Enabled>
        <Prefix>in</Prefix>
        <Name>Morrowind</Name>
    </CountryName>

    <CountryName>
        <Enabled>true</Enabled>
        <Prefix>on</Prefix>
        <Name>Nirn</Name>
    </CountryName>

    <CountryName>
        <Enabled>true</Enabled>
        <Prefix>in</Prefix>
        <Name>Skyrim</Name>
    </CountryName>

    <CountryName>
        <Enabled>true</Enabled>
        <Prefix>in</Prefix>
        <Name>The Summerset Isles</Name>
    </CountryName>

    <CountryName>
        <Enabled>true</Enabled>
        <Prefix>in</Prefix>
        <Name>Tamriel</Name>
    </CountryName>

    <!-- Ultima Universe -->
    <CountryName>
        <Enabled>true</Enabled>
        <Prefix>in</Prefix>
        <Name>Britannia</Name>
    </CountryName>

    <CountryName>
        <Enabled>true</Enabled>
        <Prefix>on</Prefix>
        <Name>Sosaria</Name>
    </CountryName>

    <!-- Commander Keen -->
    <CountryName>
        <Enabled>true</Enabled>
        <Prefix>on</Prefix>
        <Name>Vorticon VI</Name>
    </CountryName>

    <!-- Half-Life -->
    <CountryName>
        <Enabled>true</Enabled>
        <Prefix>on</Prefix>
        <Name>Xen</Name>
    </CountryName>

    <!-- Star Craft Universe -->
    <CountryName>
        <Enabled>true</Enabled>
        <Prefix>on</Prefix>
        <Name>Aiur</Name>
    </CountryName>

    <!-- HALO Universe -->
    <CountryName>
        <Enabled>true</Enabled>
        <Prefix>on</Prefix>
        <Name>Aleria</Name>
    </CountryName>

    <CountryName>
        <Enabled>true</Enabled>
        <Prefix>on</Prefix>
        <Name>Hestia V</Name>
    </CountryName>

    <!-- Mass Effect Universe -->
    <CountryName>
        <Enabled>true</Enabled>
        <Prefix>on</Prefix>
        <Name>Tuchanka</Name>
    </CountryName>

    <!-- Metroid Universe-->
    <CountryName>
        <Enabled>true</Enabled>
        <Prefix>on</Prefix>
        <Name>Phaaze</Name>
    </CountryName>

    <CountryName>
        <Enabled>true</Enabled>
        <Prefix>on</Prefix>
        <Name>The Pirate Homeworld</Name>
    </CountryName>

    <CountryName>
        <Enabled>true</Enabled>
        <Prefix>on</Prefix>
        <Name>SR388</Name>
    </CountryName>

    <CountryName>
        <Enabled>true</Enabled>
        <Prefix>on</Prefix>
        <Name>Tallon IV</Name>
    </CountryName>

    <CountryName>
        <Enabled>true</Enabled>
        <Prefix>on</Prefix>
        <Name>Zebes</Name>
    </CountryName>
</CountryNameSet>
