﻿<?xml version="1.0" encoding="utf-8" ?>

<CreditTextSet>
    <CreditText>
        <Enabled>true</Enabled>
        <Value>09</Value>
        <Text>MM2 RANDOMIZER</Text>
    </CreditText>
    <CreditText>
        <Enabled>true</Enabled>
        <Value>2A</Value>
        <Text>ROBOT MASTERS</Text>
    </CreditText>
    <CreditText>
        <Enabled>true</Enabled>
        <Value>61</Value>
        <Text>`</Text>
    </CreditText>
    <CreditText>
        <Enabled>true</Enabled>
        <Value>AB</Value>
        <Text>P H A W B Q F M C</Text>
    </CreditText>
    <CreditText>
        <Enabled>true</Enabled>
        <Value>E3</Value>
        <Text>HEATMAN 2   3     1     2</Text>
    </CreditText>
    <CreditText>
        <Enabled>true</Enabled>
        <Value>24</Value>
        <Text>AIRMAN 1 2   1 2       4</Text>
    </CreditText>
    <CreditText>
        <Enabled>true</Enabled>
        <Value>63</Value>
        <Text>WOODMAN 1   1 1 3 2      </Text>
    </CreditText>
    <CreditText>
        <Enabled>true</Enabled>
        <Value>A1</Value>
        <Text>BUBBLEMAN 2 4   1 1 3   1  </Text>
    </CreditText>
    <CreditText>
        <Enabled>true</Enabled>
        <Value>E2</Value>
        <Text>QUICKMAN 1 5 1 1 1     2  </Text>
    </CreditText>
    <CreditText>
        <Enabled>true</Enabled>
        <Value>22</Value>
        <Text>FLASHMAN 1 2   1   1   3 1</Text>
    </CreditText>
    <CreditText>
        <Enabled>true</Enabled>
        <Value>62</Value>
        <Text>METALMAN 1 2 1 2   1 1 1  </Text>
    </CreditText>
    <CreditText>
        <Enabled>true</Enabled>
        <Value>A2</Value>
        <Text>CLASHMAN 1 2 2 3 1        </Text>
    </CreditText>
    <CreditText>
        <Enabled>true</Enabled>
        <Value>E1</Value>
        <Text>`</Text>
    </CreditText>
    <CreditText>
        <Enabled>true</Enabled>
        <Value>21</Value>
        <Text>`</Text>
    </CreditText>
    <CreditText>
        <Enabled>true</Enabled>
        <Value>6B</Value>
        <Text>WILY BOSSES</Text>
    </CreditText>
    <CreditText>
        <Enabled>true</Enabled>
        <Value>A1</Value>
        <Text>`</Text>
    </CreditText>
    <CreditText>
        <Enabled>true</Enabled>
        <Value>2C</Value>
        <Text>P H A W B Q M C</Text>
    </CreditText>
    <CreditText>
        <Enabled>true</Enabled>
        <Value>65</Value>
        <Text>DRAGON                </Text>
    </CreditText>
    <CreditText>
        <Enabled>true</Enabled>
        <Value>A3</Value>
        <Text>PICOPICO                </Text>
    </CreditText>
    <CreditText>
        <Enabled>true</Enabled>
        <Value>E7</Value>
        <Text>GUTS                </Text>
    </CreditText>
    <CreditText>
        <Enabled>true</Enabled>
        <Value>24</Value>
        <Text>BOOBEAM                </Text>
    </CreditText>
    <CreditText>
        <Enabled>true</Enabled>
        <Value>64</Value>
        <Text>MACHINE                </Text>
    </CreditText>
    <CreditText>
        <Enabled>true</Enabled>
        <Value>A6</Value>
        <Text>ALIEN X X X 2 X X X X</Text>
    </CreditText>
    <CreditText>
        <Enabled>true</Enabled>
        <Value>E1</Value>
        <Text>`</Text>
    </CreditText>
    <CreditText>
        <Enabled>true</Enabled>
        <Value>21</Value>
        <Text>`</Text>
    </CreditText>
    <CreditText>
        <Enabled>true</Enabled>
        <Value>61</Value>
        <Text>`</Text>
    </CreditText>
    <CreditText>
        <Enabled>true</Enabled>
        <Value>A1</Value>
        <Text>`</Text>
    </CreditText>
    <CreditText>
        <Enabled>true</Enabled>
        <Value>E1</Value>
        <Text>`</Text>
    </CreditText>
    <CreditText>
        <Enabled>true</Enabled>
        <Value>21</Value>
        <Text>`</Text>
    </CreditText>
    <CreditText>
        <Enabled>true</Enabled>
        <Value>61</Value>
        <Text>`</Text>
    </CreditText>
    <CreditText>
        <Enabled>true</Enabled>
        <Value>A5</Value>
        <Text>RANDOMIZER BY DUCKFIST</Text>
    </CreditText>
    <CreditText>
        <Enabled>true</Enabled>
        <Value>21</Value>
        <Text>`</Text>
    </CreditText>
    <CreditText>
        <Enabled>true</Enabled>
        <Value>69</Value>
        <Text>CONTRIBUTORS</Text>
    </CreditText>
    <CreditText>
        <Enabled>true</Enabled>
        <Value>A6</Value>
        <Text>SQUIDMAN CHARLIEBOY</Text>
    </CreditText>
    <CreditText>
        <Enabled>true</Enabled>
        <Value>E7</Value>
        <Text>DAGIT MADEWOKHERD</Text>
    </CreditText>
    <CreditText>
        <Enabled>true</Enabled>
        <Value>28</Value>
        <Text>PRODIGY LVCREED</Text>
    </CreditText>
    <CreditText>
        <Enabled>true</Enabled>
        <Value>67</Value>
        <Text>MEGAKYLE83 QUANTAM</Text>
    </CreditText>
    <CreditText>
        <Enabled>true</Enabled>
        <Value>A1</Value>
        <Text>`</Text>
    </CreditText>
    <CreditText>
        <Enabled>true</Enabled>
        <Value>E1</Value>
        <Text>`</Text>
    </CreditText>
    <CreditText>
        <Enabled>true</Enabled>
        <Value>27</Value>
        <Text>SPECIAL THANKS TO</Text>
    </CreditText>
    <CreditText>
        <Enabled>true</Enabled>
        <Value>69</Value>
        <Text>JUSTSOMEGUY13</Text>
    </CreditText>
    <CreditText>
        <Enabled>true</Enabled>
        <Value>A9</Value>
        <Text>MM2R COMMUNITY</Text>
    </CreditText>
    <CreditText>
        <Enabled>true</Enabled>
        <Value>A1</Value>
        <Text>`</Text>
    </CreditText>
    <CreditText>
        <Enabled>true</Enabled>
        <Value>8A</Value>
        <Text>PRESENTED BY</Text>
    </CreditText>
</CreditTextSet>
