﻿<?xml version="1.0" encoding="utf-8" ?>

<EnemyWeaknessSet>
    <EnemyWeakness>
        <Enabled>true</Enabled>
        <Name>Shrink</Name>
        <Offset>00</Offset>
        <Buster>7</Buster>
        <Heat>20</Heat>
        <Air>0</Air>
        <Wood>10</Wood>
        <Bubble>20</Bubble>
        <Quick>7</Quick>
        <Crash>10</Crash>
        <Metal>10</Metal>
    </EnemyWeakness>
    <EnemyWeakness>
        <Enabled>false</Enabled>
        <Name>Shrink (From Angler)</Name>
        <Offset>01</Offset>
        <Buster>7</Buster>
        <Heat>20</Heat>
        <Air>0</Air>
        <Wood>10</Wood>
        <Bubble>20</Bubble>
        <Quick>7</Quick>
        <Crash>10</Crash>
        <Metal>10</Metal>
    </EnemyWeakness>
    <EnemyWeakness>
        <Enabled>true</Enabled>
        <Name>M445 (Instance)</Name>
        <Offset>04</Offset>
        <Buster>20</Buster>
        <Heat>20</Heat>
        <Air>20</Air>
        <Wood>20</Wood>
        <Bubble>0</Bubble>
        <Quick>20</Quick>
        <Crash>20</Crash>
        <Metal>20</Metal>
    </EnemyWeakness>
    <EnemyWeakness>
        <Enabled>true</Enabled>
        <Name>Claw (Instance)</Name>
        <Offset>08</Offset>
        <Buster>20</Buster>
        <Heat>20</Heat>
        <Air>10</Air>
        <Wood>10</Wood>
        <Bubble>20</Bubble>
        <Quick>7</Quick>
        <Crash>10</Crash>
        <Metal>10</Metal>
    </EnemyWeakness>
    <EnemyWeakness>
        <Enabled>true</Enabled>
        <Name>Tanishi</Name>
        <Offset>0A</Offset>
        <Buster>10</Buster>
        <Heat>20</Heat>
        <Air>0</Air>
        <Wood>10</Wood>
        <Bubble>0</Bubble>
        <Quick>4</Quick>
        <Crash>10</Crash>
        <Metal>4</Metal>
    </EnemyWeakness>
    <EnemyWeakness>
        <Enabled>true</Enabled>
        <Name>Kerog</Name>
        <Offset>0C</Offset>
        <Buster>2</Buster>
        <Heat>20</Heat>
        <Air>0</Air>
        <Wood>0</Wood>
        <Bubble>4</Bubble>
        <Quick>4</Quick>
        <Crash>0</Crash>
        <Metal>2</Metal>
    </EnemyWeakness>
    <EnemyWeakness>
        <Enabled>true</Enabled>
        <Name>Kerog (Small)</Name>
        <Offset>0D</Offset>
        <Buster>20</Buster>
        <Heat>20</Heat>
        <Air>10</Air>
        <Wood>10</Wood>
        <Bubble>20</Bubble>
        <Quick>20</Quick>
        <Crash>10</Crash>
        <Metal>10</Metal>
    </EnemyWeakness>
    <EnemyWeakness>
        <Enabled>true</Enabled>
        <Name>Batton</Name>
        <Offset>16</Offset>
        <Buster>10</Buster>
        <Heat>20</Heat>
        <Air>10</Air>
        <Wood>10</Wood>
        <Bubble>0</Bubble>
        <Quick>10</Quick>
        <Crash>10</Crash>
        <Metal>20</Metal>
    </EnemyWeakness>
    <EnemyWeakness>
        <Enabled>true</Enabled>
        <Name>Robbit</Name>
        <Offset>17</Offset>
        <Buster>2</Buster>
        <Heat>20</Heat>
        <Air>0</Air>
        <Wood>20</Wood>
        <Bubble>7</Bubble>
        <Quick>4</Quick>
        <Crash>20</Crash>
        <Metal>4</Metal>
    </EnemyWeakness>
    <EnemyWeakness>
        <Enabled>true</Enabled>
        <Name>Friender (Instance)</Name>
        <Offset>19</Offset>
        <Buster>1</Buster>
        <Heat>20</Heat>
        <Air>0</Air>
        <Wood>20</Wood>
        <Bubble>0</Bubble>
        <Quick>2</Quick>
        <Crash>0</Crash>
        <Metal>2</Metal>
    </EnemyWeakness>
    <EnemyWeakness>
        <Enabled>true</Enabled>
        <Name>Monking</Name>
        <Offset>1D</Offset>
        <Buster>7</Buster>
        <Heat>20</Heat>
        <Air>0</Air>
        <Wood>20</Wood>
        <Bubble>0</Bubble>
        <Quick>7</Quick>
        <Crash>20</Crash>
        <Metal>7</Metal>
    </EnemyWeakness>
    <EnemyWeakness>
        <Enabled>true</Enabled>
        <Name>Cook (Instance)</Name>
        <Offset>1F</Offset>
        <Buster>2</Buster>
        <Heat>20</Heat>
        <Air>0</Air>
        <Wood>20</Wood>
        <Bubble>0</Bubble>
        <Quick>2</Quick>
        <Crash>20</Crash>
        <Metal>0</Metal>
    </EnemyWeakness>
    <EnemyWeakness>
        <Enabled>true</Enabled>
        <Name>Telly (Instance)</Name>
        <Offset>22</Offset>
        <Buster>20</Buster>
        <Heat>20</Heat>
        <Air>10</Air>
        <Wood>20</Wood>
        <Bubble>0</Bubble>
        <Quick>20</Quick>
        <Crash>20</Crash>
        <Metal>20</Metal>
    </EnemyWeakness>
    <EnemyWeakness>
        <Enabled>true</Enabled>
        <Name>Pierobot</Name>
        <Offset>29</Offset>
        <Buster>6</Buster>
        <Heat>20</Heat>
        <Air>0</Air>
        <Wood>7</Wood>
        <Bubble>0</Bubble>
        <Quick>7</Quick>
        <Crash>20</Crash>
        <Metal>0</Metal>
    </EnemyWeakness>
    <EnemyWeakness>
        <Enabled>true</Enabled>
        <Name>Pierobot (Clown)</Name>
        <Offset>2A</Offset>
        <Buster>20</Buster>
        <Heat>20</Heat>
        <Air>20</Air>
        <Wood>20</Wood>
        <Bubble>0</Bubble>
        <Quick>7</Quick>
        <Crash>20</Crash>
        <Metal>20</Metal>
    </EnemyWeakness>
    <EnemyWeakness>
        <Enabled>true</Enabled>
        <Name>Fly</Name>
        <Offset>2C</Offset>
        <Buster>4</Buster>
        <Heat>20</Heat>
        <Air>20</Air>
        <Wood>7</Wood>
        <Bubble>0</Bubble>
        <Quick>4</Quick>
        <Crash>20</Crash>
        <Metal>20</Metal>
    </EnemyWeakness>
    <EnemyWeakness>
        <Enabled>true</Enabled>
        <Name>Press</Name>
        <Offset>30</Offset>
        <Buster>0</Buster>
        <Heat>0</Heat>
        <Air>0</Air>
        <Wood>0</Wood>
        <Bubble>0</Bubble>
        <Quick>0</Quick>
        <Crash>0</Crash>
        <Metal>0</Metal>
    </EnemyWeakness>
    <EnemyWeakness>
        <Enabled>true</Enabled>
        <Name>Blocky</Name>
        <Offset>31</Offset>
        <Buster>10</Buster>
        <Heat>20</Heat>
        <Air>0</Air>
        <Wood>0</Wood>
        <Bubble>0</Bubble>
        <Quick>10</Quick>
        <Crash>20</Crash>
        <Metal>10</Metal>
    </EnemyWeakness>
    <EnemyWeakness>
        <Enabled>true</Enabled>
        <Name>Neo</Name>
        <Offset>34</Offset>
        <Buster>20</Buster>
        <Heat>20</Heat>
        <Air>0</Air>
        <Wood>20</Wood>
        <Bubble>20</Bubble>
        <Quick>20</Quick>
        <Crash>20</Crash>
        <Metal>20</Metal>
    </EnemyWeakness>
    <EnemyWeakness>
        <Enabled>true</Enabled>
        <Name>Matasaburo</Name>
        <Offset>36</Offset>
        <Buster>4</Buster>
        <Heat>0</Heat>
        <Air>0</Air>
        <Wood>7</Wood>
        <Bubble>7</Bubble>
        <Quick>4</Quick>
        <Crash>7</Crash>
        <Metal>4</Metal>
    </EnemyWeakness>
    <EnemyWeakness>
        <Enabled>true</Enabled>
        <Name>Pipi (Instance)</Name>
        <Offset>38</Offset>
        <Buster>20</Buster>
        <Heat>20</Heat>
        <Air>20</Air>
        <Wood>20</Wood>
        <Bubble>0</Bubble>
        <Quick>20</Quick>
        <Crash>20</Crash>
        <Metal>20</Metal>
    </EnemyWeakness>
    <EnemyWeakness>
        <Enabled>true</Enabled>
        <Name>Lightning</Name>
        <Offset>3D</Offset>
        <Buster>7</Buster>
        <Heat>0</Heat>
        <Air>20</Air>
        <Wood>20</Wood>
        <Bubble>20</Bubble>
        <Quick>7</Quick>
        <Crash>20</Crash>
        <Metal>7</Metal>
    </EnemyWeakness>
    <EnemyWeakness>
        <Enabled>true</Enabled>
        <Name>Springer</Name>
        <Offset>46</Offset>
        <Buster>0</Buster>
        <Heat>20</Heat>
        <Air>0</Air>
        <Wood>20</Wood>
        <Bubble>7</Bubble>
        <Quick>7</Quick>
        <Crash>7</Crash>
        <Metal>0</Metal>
    </EnemyWeakness>
    <EnemyWeakness>
        <Enabled>true</Enabled>
        <Name>Mole (Instance Up)</Name>
        <Offset>48</Offset>
        <Buster>4</Buster>
        <Heat>20</Heat>
        <Air>7</Air>
        <Wood>20</Wood>
        <Bubble>0</Bubble>
        <Quick>4</Quick>
        <Crash>4</Crash>
        <Metal>7</Metal>
    </EnemyWeakness>
    <EnemyWeakness>
        <Enabled>false</Enabled>
        <Name>Mole(Instance Down)</Name>
        <Offset>49</Offset>
        <Buster>4</Buster>
        <Heat>20</Heat>
        <Air>7</Air>
        <Wood>20</Wood>
        <Bubble>0</Bubble>
        <Quick>4</Quick>
        <Crash>4</Crash>
        <Metal>7</Metal>
    </EnemyWeakness>
    <EnemyWeakness>
        <Enabled>true</Enabled>
        <Name>Shotman (Facing Left)</Name>
        <Offset>4B</Offset>
        <Buster>4</Buster>
        <Heat>20</Heat>
        <Air>7</Air>
        <Wood>20</Wood>
        <Bubble>2</Bubble>
        <Quick>4</Quick>
        <Crash>4</Crash>
        <Metal>4</Metal>
    </EnemyWeakness>
    <EnemyWeakness>
        <Enabled>false</Enabled>
        <Name>Shotman (Facing Right)</Name>
        <Offset>4C</Offset>
        <Buster>4</Buster>
        <Heat>20</Heat>
        <Air>7</Air>
        <Wood>20</Wood>
        <Bubble>2</Bubble>
        <Quick>4</Quick>
        <Crash>4</Crash>
        <Metal>4</Metal>
    </EnemyWeakness>
    <EnemyWeakness>
        <Enabled>true</Enabled>
        <Name>Sniper Armor</Name>
        <Offset>4E</Offset>
        <Buster>1</Buster>
        <Heat>20</Heat>
        <Air>7</Air>
        <Wood>7</Wood>
        <Bubble>0</Bubble>
        <Quick>4</Quick>
        <Crash>4</Crash>
        <Metal>0</Metal>
    </EnemyWeakness>
    <EnemyWeakness>
        <Enabled>true</Enabled>
        <Name>Sniper Joe</Name>
        <Offset>4F</Offset>
        <Buster>2</Buster>
        <Heat>20</Heat>
        <Air>4</Air>
        <Wood>7</Wood>
        <Bubble>4</Bubble>
        <Quick>4</Quick>
        <Crash>2</Crash>
        <Metal>2</Metal>
    </EnemyWeakness>
    <EnemyWeakness>
        <Enabled>true</Enabled>
        <Name>Scworm</Name>
        <Offset>50</Offset>
        <Buster>4</Buster>
        <Heat>20</Heat>
        <Air>20</Air>
        <Wood>20</Wood>
        <Bubble>7</Bubble>
        <Quick>4</Quick>
        <Crash>4</Crash>
        <Metal>20</Metal>
    </EnemyWeakness>
</EnemyWeaknessSet>
