{
  "LevelComponents": [
      {
        "Name": "flash_room0_screen2",
        "StartAddress": "14590",
        "EndAddress": "145CF",
        "Variations": [
          {
            "Name": "default",
            "TsaMap": [
              "59","2A","28","01","01","23","58","59", 
              "6B","33","25","1B","03","25","45","67", 
              "59","60","30","09","03","75","78","03", 
              "59","23","2D","10","03","17","09","71", 
              "61","29","22","0D","03","33","0B","03", 
              "0F","2B","30","1A","03","21","0D","38", 
              "0F","31","2C","10","03","22","18","69", 
              "2F","3A","31","0C","03","30","14","69"],
            "Sprites": "asdf"
          },
          {
            "Name": "opened up",
            "TsaMap":  [
              "59","2A","28","01","01","75","78","69",
              "6B","33","25","0F","0F","0F","09","38",
              "59","60","30","0F","0F","0F","1B","03",
              "59","23","2D","0F","0F","0F","09","71",
              "61","29","22","0F","0F","0F","0B","03",
              "0F","2B","30","0F","0F","0F","0D","38",
              "0F","31","2C","10","03","22","18","69",
              "2F","3A","31","0C","03","30","14","69"],
            "Sprites": "asdf"
          },
          {
            "Name": "1 tile platforms",
            "TsaMap":  [
              "59", "2A", "28","01","01","75","78","69",
              "6B", "33", "25","0F","0F","0F","09","38",
              "59", "60", "30","0F","0F","17","1B","03",
              "59", "23", "2D","0F","0F","0F","09","71",
              "61", "29", "0F","0F","27","06","0B","03",
              "0F", "2B", "0F","0F","0A","03","0D","38",
              "0F", "31", "0F","0F","0F","0F","18","69",
              "2F", "22", "0F","10","03","30","14","69"],
            "Sprites": "asdf"
          }
        ]
      },
    ]
}